西安市,1
舟山市,
重庆市,1
郑州市,1
镇江市,
长沙市,1
长春市,1
张家界市,
泽普县,
枣庄市,
岳阳市,
榆林市,
酉阳市,
银川市,1
宜昌市,
伊春市,
扬州市,
烟台市,
湘潭市,
香格里拉,
西宁市,1
遵义市,
武夷山市,
武隆县城,
武汉市,1
五台县,
五大连池市,
无锡市,
乌鲁木齐市,1
汶川,
温州市,
潍坊市,
威海市,
天水市,
天津市,1
泰州市,
泰安市,
太原市,1
苏州市,
石家庄市,1
石河子市,
十堰市,
沈阳市,1
深圳市,
绍兴市,
韶关市,
上饶市,
上海市,1
厦门市,
三亚市,
三明市,
瑞金市,
泉州市,
曲阜市,
衢州市,
清远市,
青岛市,
秦皇岛市,
潜山县,
平遥县,
平凉市,
平顶山市,
蓬莱市,
宁德市,
宁波市,
南阳市,
南通市,
南平市,
南宁市,1
南京市,1
南充市,
绵阳市,
梅州市,
麻城市,
洛阳市,
龙岩市,
六安市,
丽江市,
乐山市,
乐清市,
兰州市,1
拉萨市,1
昆明市,1
奎屯市,
开封市,
喀什市,
酒泉市,
九江市,
景洪市,
景德镇市,
井冈山市,
晋中市,
晋城市,
介休市,
嘉峪关市,
嘉兴市,
济南市,1
惠州市,
黄山市,
淮安市,
湖州市,
衡阳市,
河池市,
合肥市,1
杭州市,1
哈尔滨市,1
桂林市,
贵阳市,1
贵溪市,
广州市,1
广元市,
广安市,
阜阳市,
阜平县,
阜康市,
福州市,1
佛山市,
恩施市,
鄂尔多斯市,
登封市,
丹江口市,
大同市,
大连市,
大理市,
池州市,
承德市,
成都市,1
郴州市,
常州市,
毕节市,
北京市,1
保定市,
宝鸡市,
包头市,
安阳市,
安顺市,
安庆市,
阿勒泰市,
阿坝藏族羌族自治州,
